<?xml version="1.0" encoding="UTF-8"?><rss version="2.0"
	xmlns:content="http://purl.org/rss/1.0/modules/content/"
	xmlns:wfw="http://wellformedweb.org/CommentAPI/"
	xmlns:dc="http://purl.org/dc/elements/1.1/"
	xmlns:atom="http://www.w3.org/2005/Atom"
	xmlns:sy="http://purl.org/rss/1.0/modules/syndication/"
	xmlns:slash="http://purl.org/rss/1.0/modules/slash/"
	>

<channel>
	<title>Tak Berkategori &#8211; PAS_WP</title>
	<atom:link href="/category/tak-berkategori/feed/" rel="self" type="application/rss+xml" />
	<link></link>
	<description></description>
	<lastBuildDate>Thu, 28 Nov 2024 01:26:07 +0000</lastBuildDate>
	<language>id</language>
	<sy:updatePeriod>
	hourly	</sy:updatePeriod>
	<sy:updateFrequency>
	1	</sy:updateFrequency>
	<generator>https://wordpress.org/?v=6.7.1</generator>

<image>
	<url>/wp-content/uploads/2024/11/Gambar-WhatsApp-2024-11-28-pukul-08.48.26_a1bf8c87.jpg</url>
	<title>Tak Berkategori &#8211; PAS_WP</title>
	<link></link>
	<width>32</width>
	<height>32</height>
</image> 
	<item>
		<title>Halo dunia!</title>
		<link>/2024/11/28/halo-dunia/</link>
					<comments>/2024/11/28/halo-dunia/#comments</comments>
		
		<dc:creator><![CDATA[admin]]></dc:creator>
		<pubDate>Thu, 28 Nov 2024 01:26:07 +0000</pubDate>
				<category><![CDATA[Tak Berkategori]]></category>
		<guid isPermaLink="false">/?p=1</guid>

					<description><![CDATA[Selamt datang di WordPress. Ini adalah pos pertama Anda. Sunting atau hapus, kemudian mulai menulis!]]></description>
										<content:encoded><![CDATA[
<p>Selamt datang di WordPress. Ini adalah pos pertama Anda. Sunting atau hapus, kemudian mulai menulis!</p>
]]></content:encoded>
					
					<wfw:commentRss>/2024/11/28/halo-dunia/feed/</wfw:commentRss>
			<slash:comments>1</slash:comments>
		
		
			</item>
	</channel>
</rss>
